"Status","Start Time","Stop Time","Duration in ms","Parent Suite","Suite","Sub Suite","Test Class","Test Method","Name","Description"
"passed","Sat Sep 30 11:38:55 IDT 2023","Sat Sep 30 11:38:57 IDT 2023","1744","","Login Home Page","","","","Hidden Password",""
"passed","Sat Sep 30 11:38:48 IDT 2023","Sat Sep 30 11:38:49 IDT 2023","1749","","Login Home Page","","","","Empty Username And Empty Password",""
"passed","Sat Sep 30 11:38:43 IDT 2023","Sat Sep 30 11:38:46 IDT 2023","2111","","Login Home Page","","","","Invaild Username And Valid Password ",""
"passed","Sat Sep 30 11:38:50 IDT 2023","Sat Sep 30 11:38:51 IDT 2023","1502","","Login Home Page","","","","Empty Username ",""
"passed","Sat Sep 30 11:38:41 IDT 2023","Sat Sep 30 11:38:43 IDT 2023","2462","","Login Home Page","","","","Vaild Username And Invalid Password",""
"passed","Sat Sep 30 11:38:46 IDT 2023","Sat Sep 30 11:38:48 IDT 2023","2168","","Login Home Page","","","","Invaild Username And Invalid Password",""
"passed","Sat Sep 30 11:38:36 IDT 2023","Sat Sep 30 11:38:41 IDT 2023","4828","","Login Home Page","","","","Vaild Username And Valid Password",""
"passed","Sat Sep 30 11:38:52 IDT 2023","Sat Sep 30 11:38:55 IDT 2023","2510","","Login Home Page","","","","Lower Case Username",""
"passed","Sat Sep 30 11:38:51 IDT 2023","Sat Sep 30 11:38:52 IDT 2023","1377","","Login Home Page","","","","Empty Password",""
